{
  "version": "2022.2",
  "applications": [],
  "platforms": [
    {
      "name": "NANREC_BSP"
    }
  ],
  "systems": [
    {
      "name": "Nanrec_app_system",
      "platform": "C:/NANREC_FREERTOS/NANREC_BSP/export/NANREC_BSP/NANREC_BSP.xpfm",
      "sysConfig": "NANREC_BSP",
      "buildConfig": "Debug",
      "applications": [
        {
          "name": "Nanrec_app",
          "platform": "C:/NANREC_FREERTOS/NANREC_BSP/export/NANREC_BSP/NANREC_BSP.xpfm",
          "platformPath": "C:\\NANREC_FREERTOS\\NANREC_BSP\\export\\NANREC_BSP",
          "sysConfig": "NANREC_BSP",
          "domain": "freertos10_xilinx_domain",
          "system": "Nanrec_app_system"
        }
      ],
      "platformPath": "C:\\NANREC_FREERTOS\\NANREC_BSP\\export\\NANREC_BSP"
    }
  ],
  "others": []
}