{
  "version": "2023.1",
  "applications": [],
  "platforms": [
    {
      "name": "Nanrec_BSP"
    }
  ],
  "systems": [
    {
      "name": "Nanrec_App_system",
      "platform": "C:/Gil_Nanrec/Nanrec_BSP/export/Nanrec_BSP/Nanrec_BSP.xpfm",
      "sysConfig": "Nanrec_BSP",
      "buildConfig": "Debug",
      "applications": [
        {
          "name": "Nanrec_App",
          "platform": "C:/Gil_Nanrec/Nanrec_BSP/export/Nanrec_BSP/Nanrec_BSP.xpfm",
          "platformPath": "C:\\Gil_Nanrec\\Nanrec_BSP\\export\\Nanrec_BSP",
          "sysConfig": "Nanrec_BSP",
          "domain": "freertos10_xilinx_domain",
          "system": "Nanrec_App_system"
        }
      ],
      "platformPath": "C:\\Gil_Nanrec\\Nanrec_BSP\\export\\Nanrec_BSP"
    }
  ],
  "others": []
}