{
  "version": "2021.1",
  "applications": [],
  "platforms": [
    {
      "name": "system"
    }
  ],
  "systems": [
    {
      "name": "Gil_App_Linux_system",
      "platform": "C:/Projects/Gil_zcu216_PetaLinux_App_User_Space/system/export/system/system.xpfm",
      "sysConfig": "system",
      "buildConfig": "Debug",
      "applications": [
        {
          "name": "Gil_App_Linux",
          "platform": "C:/Projects/Gil_zcu216_PetaLinux_App_User_Space/system/export/system/system.xpfm",
          "platformPath": "C:\\Projects\\Gil_zcu216_PetaLinux_App_User_Space\\system\\export\\system",
          "sysConfig": "system",
          "domain": "linux_psu_cortexa53",
          "system": "Gil_App_Linux_system"
        }
      ],
      "platformPath": "C:\\Projects\\Gil_zcu216_PetaLinux_App_User_Space\\system\\export\\system"
    }
  ],
  "others": []
}