{
  "version": "2023.1",
  "applications": [],
  "platforms": [
    {
      "name": "RFSOM16_BSP"
    }
  ],
  "systems": [
    {
      "name": "RFsom16_app_system",
      "platform": "C:/RFSOM16_2023_1/RFSOM16_BSP/export/RFSOM16_BSP/RFSOM16_BSP.xpfm",
      "sysConfig": "RFSOM16_BSP",
      "buildConfig": "Debug",
      "applications": [
        {
          "name": "RFsom16_app",
          "platform": "C:/RFSOM16_2023_1/RFSOM16_BSP/export/RFSOM16_BSP/RFSOM16_BSP.xpfm",
          "platformPath": "C:\\RFSOM16_2023_1\\RFSOM16_BSP\\export\\RFSOM16_BSP",
          "sysConfig": "RFSOM16_BSP",
          "domain": "freertos10_xilinx_domain",
          "system": "RFsom16_app_system"
        }
      ],
      "platformPath": "C:\\RFSOM16_2023_1\\RFSOM16_BSP\\export\\RFSOM16_BSP"
    }
  ],
  "others": []
}